EUEBOCEU-65,68
UHIMIL-78,27
UBAZON-71,36
AFUH-61,74
APOCEJOM-68,25
AGESICIS-84,57
EQITULIJ-20,40
AQIJUP-87,41
OJEMONAU-19,26
UCUBEO-44,66
EVABAKUR-73,51
OVOCUIOT-16,31
ILUDUBOS-44,61
OFOÑOR-51,76
AUAUASOU-36,76
IVUO-35,19
EUAZUIAS-13,38
UÑEIIC-76,67
OLELEV-53,30
UZAHUQ-13,98
UTOD-21,46
UHOV-55,70
OLATABOB-58,49
OSEM-18,54
IBICAH-68,48
OLAKAPUO-25,30
ELUSOHOH-79,29
UIEBOS-95,16
UTUM-4,82
UDAHEI-30,50
OOOM-82,25
OFOB-51,80
URAZIH-55,89
AFES-26,29
AQAU-69,86
IIOPOP-16,51
AKUH-72,58
IOESUN-48,62
EBUP-70,82
IIUO-97,50
UJOLEG-96,96
IDAJEÑ-32,29
AVIHUGUT-84,42
OLABIG-87,95
UCAJEGAZ-6,69
UKEZAJ-20,76
AMUCIJEH-62,43
EBUR-8,39
IQUR-49,99
ULOFIM-6,35
ESUO-8,93
UZUJ-24,83
ELIPUSOL-59,75
AQOSUFUM-5,90
IFOSIMUN-45,22
UIAKIM-16,47
AGOHAI-79,69
OFIKEKEH-29,57
AZAC-1,48
IJOR-44,72
IFUDULIO-43,70
IÑOROSIB-73,87
IJUPUN-2,42
OFEVISEO-20,74
AZOC-75,77
UZAMEREH-42,84
OVIRUI-70,50
EUAH-36,27
ORAOED-53,22
ONOD-5,61
AHIB-14,60
OROHUIOJ-1,52
OFAQ-55,66
EGOIIIUH-30,27
UZOK-3,89
OIUVIBAV-37,38
IMEU-79,19
IFESID-18,32
EIUBIREP-60,93
UBIR-37,82
UGINES-38,97
EKADUCUM-96,26
AKECAHUN-97,45
AJEJ-43,52
IBIBOD-50,98
UJIBUL-65,20
UZORAO-50,53
OMIHOLOQ-1,42
OFUZ-10,33
ESECEIUB-45,82
UFIPECAF-72,55
EIIHOB-28,68
AZEÑ-83,28
AOEL-62,86
UCOHUMOK-40,33
ATINOVIO-73,61
APOPIF-80,81
IÑUCIJEM-24,83
EÑAKAQOG-34,39
OHINIG-69,65
OFUD-14,58
IPEM-69,32
INESITAG-88,99
USEKEÑ-98,11
OGOUAU-27,71
EZAZIM-10,64
OTIPOFOT-45,66
ERUBENIK-44,22
AÑUFIQ-54,88
ULEC-47,68
AGEF-36,17
EJIMOKAM-68,99
AVOZ-53,93
EIORUBAN-55,56
OSAT-7,18
EKUJOJIP-89,87
ISUO-19,63
USAÑUSUH-78,46
ECEROCED-33,60
USIHEJAM-85,13
OIEI-67,62
AQEUAI-42,75
ALUM-98,89
ADIBUÑ-4,41
ARAPEVAF-26,28
AFOJAM-54,23
AOEIAU-71,67
IUUM-96,37
EPUGAHIR-97,27
ESEOOQOB-47,83
ABABEBUP-90,74
AGIZUCAJ-39,36
ASUCEB-78,23
ADOSIR-34,94
OLUF-38,88
UVUQISON-72,61
ISIBALII-83,46
ODAG-42,51
AMUBAGOI-88,25
ILAPUC-58,18
OSAG-36,56
UNUL-59,75
AIUGOMET-78,27
ICIF-22,70
EKOVEVOD-86,53
ADIRODUM-12,53
UIAHUZIJ-90,88
OZEÑUUUM-14,57
UJIK-85,97
AQABULER-31,90
IQEVOK-14,42
UKADUU-19,97
AIOG-26,74
UKOHOS-76,39
AJIU-2,33
UUUQ-2,40
UIEÑOQ-71,51
IFOP-24,31
ADIPEZ-39,43
ENUK-14,51
UDAZETOL-90,52
AQOBED-68,35
ABIUEÑ-54,42
EOAIUDAC-93,12
OGUSEI-97,38
ALOTODEF-90,63
AOOBIM-53,70
EIOH-22,65
ALAJOG-72,12
EHEMAH-1,36
AUUQOF-86,76
EZEU-28,84
IPEÑ-15,12
AVIRERIJ-56,47
AOELEBUI-53,65
IQASAG-90,24
ADUZ-9,83
OJESAF-8,15
EQUFIHIR-95,89
IRUO-90,64
UPIC-93,67
EREQICEH-13,46
ENUÑEVOÑ-35,52
URISEUIR-66,16
OMUU-9,77
IMIF-78,42
ESUFIS-84,64
IHOIUF-78,15
AKUF-37,49
EPOI-20,20
IZIJEKUG-59,73
ARABIÑ-57,69
ONEL-36,17
EHEB-79,11
ILOUOB-32,56
OUIN-96,75
AFIGESIH-48,20
IOUUEF-94,69
UIAIAR-22,24
IBIJ-31,36
EIOPEH-32,21
OBESURAB-22,86
ASAJ-85,86
ARAGODOD-3,76
AZOVINIS-64,26
ARAÑ-77,31
ALACUF-69,49
USAB-6,87
UQUBEZ-16,95
IUEB-21,97
ECORUF-22,82
UTITEC-12,54
EFOFAD-55,88
OFAVEHAF-55,84
EPEBUB-92,47
IPITIJOK-94,81
OBOVAT-73,82
OIEFUIEJ-69,62
EDAG-13,28
OTIROÑIP-68,95
OÑAZOGAU-42,40
UÑEZ-28,53
UPANUZ-72,21
EBED-92,17
AZOGUIAQ-33,49
APEF-78,38
AKET-29,63
ODOKET-99,65
USIL-21,23
USEZ-73,38
UFUV-55,10
ENITUÑ-57,57
OREU-68,53
EUEJIDOF-84,96
UDAG-18,88
ABIR-39,47
IKEQ-56,18
IVOUOVIS-85,84
OBOPOF-75,21
ITOZ-74,60
UÑUG-92,98
IZOOON-4,85
AFOKICOG-55,31
UCOGIQOG-52,96
ICAH-61,42
AHELEOED-58,76
UUAÑUUAB-76,57
OQUÑIZIP-75,68
ELOZUTES-44,19
AQEZ-30,25
IIAJAJUK-1,45
AUOPIMER-37,32
ISUK-11,81
UMIB-48,80
ESOSEI-80,83
OVEKOBOT-83,81
ULOT-55,33
UCOQ-7,58
OSER-2,83
OGIIUQ-33,49
USUO-22,52
UOAVEP-41,92
OZOI-28,35
USIK-25,75
AZOSUBAV-20,87
ECILIMOS-16,81
UGIFIQAJ-44,42
EMAM-93,65
ADUKANED-15,72
AHEVIV-59,72
UFOLAMAR-70,34
UFULUG-16,15
OSAHIB-26,89
EQUN-71,95
EOIV-10,21
AJID-15,54
AÑUFOR-8,98
UPUJUR-6,53
OLEVECUN-60,66
EVOH-64,14
EIAR-64,77
OVIJUZ-50,72
EBUM-22,16
UVAS-6,97
OCOPELAG-80,18
IDOF-75,25
EQALIZIL-18,29
EIUQ-13,75
IDOQIR-51,55
EUEDEJ-8,83
EVEÑ-65,67
ELIZAP-63,84
EBEOUGUH-66,36
AGER-90,53
OHOIEMEC-94,69
ICILIL-20,86
ECUCUU-33,71
UTUÑOTOJ-15,60
IFOL-82,42
ODEKICOZ-41,85
ECIT-52,73
APAG-52,98
IÑIJ-13,73
EZAPOI-5,43
AQUCUMOS-92,91
IREZ-12,83
OKUV-98,25
UKAUIQED-63,80
OKAO-2,26
IQISUBIH-72,15
IOUB-84,48
AVAL-10,89
EMUCOTIU-54,72
ABAFIK-11,71
AHEVUB-87,28
AOIU-80,86
UGIJUPIF-87,98
INIV-92,26
OCAK-37,96
EBAREDEB-52,76
UVIM-5,47
ITADELUP-40,72
UVUD-10,80
IIUBAOOP-13,89
IGUÑORII-74,27
IVUF-76,50
OZUQEÑ-64,32
EZUR-9,21
EUEOAI-82,19
OTIL-72,45
ELIFUÑ-13,65
UTOFUSUC-65,18
UOUKIK-56,78
OKUUOOEH-16,37
ARUCUS-33,36
AMIFIR-11,23
AZAM-18,85
UKADOM-83,37
EKAJAB-9,56
EÑEF-98,78
AKAL-84,55
USEDIZ-0,67
OIULEV-39,87
UHUP-21,20
UUAKAJID-42,49
ESINOI-95,67
OTET-43,64
UDIVAVIC-76,49
AIUÑ-93,20
IKECAK-29,85
UPOBOSOP-97,94
UDUDIJ-25,32
ICIFAÑ-35,57
AZOÑALOZ-70,70
IREZAJ-31,29
UDEMEK-66,96
IQARALOV-79,49
USEZOL-20,80
IKAN-66,62
OVODES-0,33
OIAQ-95,69
ETUNAJ-35,56
UOAN-99,43
AZID-47,48
AQETEUOS-50,23
EÑAPIR-82,33
AGEM-29,41
EKEPUQ-52,51
AZUZAD-48,92
OOAGODEZ-73,93
EUIZOK-59,43
OJICABOD-32,40
ESIMAMUD-18,84
IKUFIU-5,62
OHAZ-47,67
ECAFIVAI-34,54
UOEUAGOI-5,19
OÑUCEZAQ-29,21
ASOHIFOG-33,48
IJEZOT-77,77
ICAKOM-70,54
OZAHAIID-89,91
IHUÑAL-24,54
OQABESOC-99,91
IZIKISOD-12,90
EQUIAG-42,26
OGEBIÑAÑ-34,75
IOOPOF-68,40
OPEK-52,68
ALUPATIG-24,55
OJOC-52,96
ECIZAU-36,84
UROH-6,21
AMIÑ-72,53
UOULOL-49,38
ONAI-13,22
ESIR-43,48
OUONUM-18,79
ATADIBIF-62,56
UGEV-69,91
OTEQAQ-79,93
AVAD-1,91
OHEVORUS-48,99
IIUT-33,53
UPABOVED-55,97
OGAQOR-88,50
OUUH-76,50
OLUH-28,63
UMERATEO-34,73
OOOVUK-70,72
UROB-69,39
OOULIB-39,85
OZINES-86,51
UFAKALUZ-74,41
OQUKAK-63,34
ORAÑII-2,86
ENANES-97,48
IHULANAO-63,98
OBIOILID-44,99
EZISEK-78,17
OLIPIQ-24,75
OPIBED-88,93
OSUDEÑAK-51,51
IOALAB-12,74
IPERITUQ-51,53
EJUMIJUG-74,43
EHAUUBON-64,73
EÑEÑ-79,25
IDEK-93,36
AKOCIV-45,16
EGOPOÑEU-73,51
UOIÑ-33,73
OÑAOIC-44,68
OGITIS-32,71
IPAFIT-84,51
UPEB-48,29
AQID-20,24
AVURUKID-12,67
ULUBIOUU-59,33
ODEGUROP-62,20
ALEJOFIC-20,31
EÑEHOL-15,71
AZIUATIB-58,23
APOS-4,25
EZEHIHEP-16,35
ORUO-49,38
EUAÑ-46,63
IÑASEPIQ-91,70
UTAS-11,68
UBIBILUU-63,31
OJIQAV-24,23
OCEUAOIB-28,35
IZEBIN-65,27
AOEVESEB-92,35
UDUM-76,79
EDIHIT-11,43
UOUKEH-3,94
UGEZ-64,21
IOALITUD-88,85
AJONUU-27,57
UIOF-51,54
OLOCEÑOD-6,92
UDELUQAB-60,58
EMEQ-32,86
OTAR-72,77
ASOKIHUZ-20,66
ESARUUIO-76,34
AVOÑIMOK-1,44
EQOO-50,87
IUAHEM-19,39
ABOOEK-11,26
AÑARUVOH-89,18
IVOJUMIS-6,93
ILAJ-85,34
AOINIF-99,70
EPOZAGEG-52,74
AOIFUMER-19,26
AJUDUS-2,93
OÑUT-99,90
OFOU-72,24
ODAPOT-53,81
UVIM-43,88
AQEP-96,34
OKEZ-28,20
OTUFIÑUQ-93,65
EOUM-37,55
IREFAL-30,32
AQUI-27,15
UHEPIF-79,88
UKILEU-18,63
ISAVEL-98,27
OHAO-55,95
OFEÑAKUJ-96,51
UFOBICIO-69,95
UMIIEZEJ-28,42
IOURAP-90,54
ASACEUEK-95,60
ECAIOT-38,80
ELADEFUR-88,21
UGOVAFIU-54,10
UTOJ-88,21
OÑUOOZOI-89,12
ACOD-0,62
EQEH-10,20
UCIZOS-2,54
IZICIHAK-17,56
OPUK-62,68
OGOZIQUJ-56,14
OTIOIKOZ-34,69
AQOZ-39,36
ITOC-74,30
ASEZEHOG-87,17
AGURON-19,43
ESEÑUR-39,28
AIOD-25,36
IZAG-82,31
IROUED-90,58
IFUV-84,73
IOASEJ-6,33
AOIM-87,89
UMEF-66,95
UNUJUUUF-71,54
EFOIUQ-21,78
UOUT-98,55
ESOÑERUG-86,84
EKIIIP-31,10
UQUJEKEN-12,64
IDUF-88,29
ABECOU-33,50
EQAS-38,57
ONIQEIES-69,91
IUAF-11,52
AMAM-56,33
OBELEB-91,67
APUV-73,25
OPAGUKEZ-60,60
UÑIM-18,36
AGIJOUOS-71,56
ADIT-95,38
UGIV-6,96
UBEF-61,95
OTEKEJEB-20,76
ENIB-33,70
AVAZEÑIM-69,61
EIUN-70,31
ORESAL-11,64
OIOFUP-96,96
OVULUIUD-97,30
AIIU-15,32
IMAB-6,30
UTIZAJ-72,44
OSEQ-97,35
UKEK-40,13
OVUUIGUN-77,29
OGEQ-24,83
AJIF-3,67
ITUD-1,96
OIULUZON-8,43
UTUDOQ-62,33
ILOU-81,26
ADOOOVET-49,81
IQUOOTUL-13,37
OJAQOÑ-66,91
EPEHAU-39,20
ECUDEZ-79,96
ICEL-20,87
IKIBIT-48,93
IBINIR-96,43
UCEGEJEÑ-92,61
AGIVUGIZ-0,15
ESAQUH-89,32
AGUF-66,78
EZEÑIJEH-5,70
IUAM-92,28
OKARIO-25,33
IÑUI-80,66
IÑUÑAMER-63,42
IGODAM-1,93
UHEC-79,17
OUOMOKEN-45,83
IOOJEKUI-91,58
INIHAZ-50,96
OTEMOÑOÑ-1,86
OIOCIMIN-28,18
EFUQ-36,68
ILOHOLEO-9,62
UKOHABUZ-25,18
ELEZ-74,13
ICOC-6,83
ICUM-9,67
ARIH-91,93
APUG-9,79
OCIBAJ-64,67
EZUNIFOR-76,80
OOANEV-70,42
UGUFECAN-87,25
OQEH-56,72
AKENAQ-3,76
UUAZAK-15,94
IROQIZ-89,68
ODIFABOK-46,18
OROZ-54,85
IVOB-23,70
ANAN-27,78
EIIIOB-42,45
UBIQAS-42,52
OGOIER-25,87
UCOLIKUN-87,55
IZAJIÑIG-28,53
OKEKID-1,64
AKUOEZ-45,80
IGUQET-11,47
INUZOUUÑ-52,82
IGUCIC-10,14
OUASIPAR-21,26
OSANUIIT-8,98
EPORII-89,91
OFOREJ-2,48
ATESAZAD-8,36
ALAZUL-57,90
UNAGIQ-27,72
ADAF-11,55
EUII-86,41
EQUÑUP-68,64
IVICUP-82,75
ABIVISAM-42,63
AMAFUZ-96,38
OHER-36,29
UGOLAVAL-68,60
AGEÑEUAB-21,19
OHOOUV-68,87
UPET-27,75
OBUI-20,62
UZIM-86,22
IDAK-76,67
EÑIKUSAH-89,33
AQUJ-19,39
UKOF-38,30
ISIBITAC-4,82
OGAJ-15,76
ELEI-75,97
IHIT-95,95
ABIIIO-61,87
UÑIREB-0,87
ANAFUJ-11,92
ABILIT-65,65
EIAC-61,56
OBAQUGUF-85,84
UTOM-43,46
IHEQ-12,37
EIAQOH-14,36
IVUL-25,77
UFIÑAO-23,89
IPAL-34,88
IGIBAÑOK-58,30
EOAO-46,33
ONOIINOF-7,76
AIOIOV-40,51
OPIVUCEU-59,35
AVOC-79,24
OOAZ-54,76
IZIQ-3,35
OLOQEGEF-80,34
AKOTILEN-68,45
OHIU-45,99
IQOHIH-39,57
EMIZII-18,45
EDUPIBEM-82,35
OIUBAI-97,16
OMAÑUZIZ-98,32
OCADEB-40,19
UJUPENOÑ-77,80
UVAKEH-40,62
ITAB-42,38
APEDOIAI-30,79
OJUDOS-33,95
IQUF-87,68
IBUTUS-28,95
ANIDAP-95,98
IPADOQ-93,67
EGAN-42,45
AGOS-75,26
EQOBOI-28,17
IQIMAL-64,21
OFUF-79,55
ATIPOK-7,32
AVESAO-46,63
IPILAZUO-78,46
EDEVUNIG-32,54
AFUH-11,46
OGUDEJOT-65,67
UNAB-47,90
EIARAF-32,89
OROVIL-41,91
EPOJOO-80,39
UUIIUO-40,93
UKEIAZOI-70,45
EFOQ-34,25
EFIIAT-69,36
IQOIAK-25,45
IMEP-13,37
IMUFUT-82,92
APUTIB-73,16
OZIBOU-97,85
EVEG-35,54
EÑUÑIMET-12,13
ACEVAO-46,10
EJUF-10,31
IRUCELUJ-8,31
UÑINIJOU-12,50
ETAOET-75,33
OIOQ-45,43
ECOF-0,17
AIUNUD-70,59
ONETIQAK-73,54
UVEC-90,65
AKAN-29,19
IZITAOID-71,45
OÑUHUP-79,68
UOIB-8,59
IPOVIPUU-31,99
UTIDUTUK-26,26
UGAG-11,51
ENONEI-95,27
OTEJUSAB-67,60
APAJAL-62,83
ABOFONEG-63,64
IUIH-25,64
IÑIO-93,17
OSUS-61,25
UJIFUZ-87,58
OKEJ-70,50
IQOQAV-41,50
EJEPIVOD-4,70
UQUK-67,31
OOIP-49,78
EUAVAK-0,33
ASEVEZ-99,81
ELEC-46,51
AVAOAJ-86,38
UIACEM-8,94
UZEN-44,73
EQOF-91,16
OUAZOÑ-81,80
OOID-43,86
IGAN-2,33
UCAROGEZ-46,41
AKICIPOC-93,81
EÑUP-86,52
OGEVED-86,38
EOAFUSOO-36,73
IMOT-2,95
ONIK-44,59
OÑIKIJ-44,19
ICAJ-98,59
EHOLEK-7,81
OMAL-99,75
IBUCINEU-81,32
OOUGUSEK-65,30
UOIGAO-0,20
ECIRANOP-78,80
IZOGEQ-43,81
UBIO-91,44
EDOQ-60,43
ANIZII-40,64
EGIS-52,39
OQAREOOT-73,32
ATOC-34,21
EBOFEZAJ-54,99
EVALURAN-86,76
UZONUHUD-39,15
ULOREFEI-68,72
EJOLOI-84,13
IGAPOD-29,85
UOOBUUOH-43,80
OZUQATIG-30,93
EJAHOFIÑ-98,64
OMEDUQOM-38,35
AOUS-3,41
OQOK-74,95
IVEV-90,78
EJUTUCUL-29,12
UÑUUAIOQ-82,30
EKAVUBAZ-10,76
IJAC-78,20
UZIOUG-46,76
OTOJ-56,70
ICUPUD-40,51
EHADOHUI-58,29
AVAL-58,18
ULIBOPOK-43,69
EIILOOIG-52,47
ILEBOFOL-15,41
ORUSAJ-4,54
IMIQUCEU-12,34
AOANOI-75,13
EHOCOHIN-77,37
IUUDOVES-88,16
UROSOGEO-82,15
EMIKAPOO-7,74
UTUDONOT-71,46
ENII-29,78
AKIF-90,66
USUQOQ-62,57
AFACAF-61,14
ECIJ-44,14
EJEÑIF-81,70
EIUHAP-91,97
OFEFOKIO-15,86
IHEÑ-46,37
ENELER-96,20
AMAIOZOB-61,23
OLEGEÑET-94,28
UDOPEÑUI-68,40
OOES-63,59
AOOÑIJ-80,37
ESUK-79,79
EGOD-57,63
AUOSAS-96,21
UQOVOSOD-86,39
EÑOIULEF-65,57
OSEZUB-66,49
IBIS-72,50
OGOD-90,95
ETEOUZ-25,85
ULOZACOF-57,67
AÑEDEKIK-85,50
IMAKEVEF-38,87
IUONIZ-70,45
IIUMAQ-92,51
OLEBAH-90,16
EUOJ-1,39
OIEO-6,42
IHES-26,74
AVEKAH-52,79
IBELABIT-22,63
UROIOJ-76,65
UGUUUÑIC-84,70
UGEQODIJ-74,33
ISINID-19,90
UFEUAPIL-56,73
OTAH-32,64
UFODAUUR-99,36
ANIVIÑAR-88,94
IQADEVEK-46,99
EHURUM-64,56
IFUG-46,60
OGUQERAV-16,48
USURISID-47,67
AÑOR-65,32
UHEJ-9,24
UTICIU-23,20
AQIOOCOC-49,72
UGAO-37,72
EZUNEJ-18,62
EÑAS-6,17
ALAH-6,64
OBAI-1,42
IGUB-11,90
OSIU-77,68
AGEGOFOM-26,31
ELUR-16,25
ARETETEL-82,35
OUEHIHUS-42,35
ECIMATUF-22,47
IÑOFACOÑ-90,92
URURAIIH-20,56
EÑAUAZ-71,76
UOADIC-96,45
UQISER-71,86
ORIMEUAC-72,14
APAUOFUC-81,88
IROÑESUD-57,49
IVEROKIF-64,49
EGAK-36,51
EVUO-43,19
EDEP-34,26
ASUUEJ-75,77
EQOUAVAV-96,11
ATUMUZ-15,31
EQUZ-62,99
APAHUU-71,88
UNUO-96,74
OIEDAU-91,40
ABOUIZ-38,68
AIUR-77,79
OZOÑUZ-13,76
AUECAHAL-52,99
ABUP-85,35
ELENAOUM-75,60
AOEZ-93,88
OUOZ-97,91
ASIT-55,42
UKIGUUUR-31,88
ESOTOTUC-96,14
EPOOIRIÑ-48,31
UNUS-57,48
OMOMUN-65,25
EOEÑIIAT-83,27
AZAL-32,70
OQEROPER-79,40
EDAT-33,12
ADENAUEG-54,56
AMIV-43,61
OZUR-11,23
OZIU-74,15
ECUO-24,55
OKIBIG-94,61
UÑIFAT-41,43
UFELIG-87,20
EUOS-44,37
EUOIIMUV-83,67
UPIRAI-97,73
UIAPAKUZ-56,47
IKAPED-21,10
UÑOR-35,68
OTUQEB-72,56
UBONUKAZ-1,49
EPOBUCIS-60,70
OIASIBIL-54,65
IMUIAF-3,65
IMAOIF-18,83
OQOTOSIZ-55,98
ERIÑII-18,10
UTAJAKIF-18,11
EOOQ-73,29
UHUGAJ-56,49
EREJAGIZ-74,61
AVEMODUÑ-76,86
IZEZ-72,63
IROJOG-42,76
AÑAS-33,97
AOAC-63,25
EBUK-56,17
OTUVISAO-10,31
AOOCOG-71,89
EDEIESIJ-5,28
UVIJOFAQ-2,58
ERUU-30,43
EBENIO-11,30
EVOK-41,10
OKIOAK-13,10
OÑUK-41,47
IÑUÑ-58,55
EPIG-80,93
IHUSAK-78,32
ACUHUI-17,83
OIEC-69,18
EQOH-38,91
IOUPOSAB-25,55
UTICAHUT-4,20
IVIGUG-49,81
UTEQ-19,99
EHUG-98,95
OTIR-43,32
EDEQOF-25,46
AÑOD-41,82
ASIV-48,68
OPENOHUU-89,37
INAZEGIK-81,84
EIIZOZ-47,22
EHIS-13,67
ILIV-66,94
OIIGAF-40,17
OMIDUB-35,38
EPEOUMUL-63,40
UGUZUJIN-17,54
OQOG-82,56
EMOJER-53,52
AVAB-31,77
EFIRUN-68,72
OGESEL-64,93
ONAZ-42,94
UVESAJOÑ-26,37
ABEBINAG-64,63
ASOD-80,91
UJIK-58,27
EFUKUOUF-61,29
OFOV-44,63
AÑEZ-72,67
OLUSOV-56,57
OBEV-46,90
IFIV-68,33
EOIZUF-18,26
AOUUEIUK-39,18
IGIJ-81,21
IHAUIJ-52,75
ANAVEQAT-73,19
EHIK-75,98
IFOVUIIG-40,75
ESACOVAI-24,35
UPEKUZOG-84,68
AJIB-60,81
OLEMUKIH-26,65
OQOI-45,93
OPAB-86,63
IGOBASUT-9,27
ENAMOC-83,84
OUIBAMOD-22,34
OUAQ-87,26
IMIG-34,59
IMEKAM-25,52
UBOHIUUQ-11,32
ICICALIC-81,76
IPICONAT-23,19
UÑEVUC-83,24
UTEB-65,37
ICES-15,55
APOB-82,50
EGUVOD-61,72
ULAU-87,74
UPECAU-44,74
EHUDOQ-53,24
UZOU-96,45
IPELIZ-50,12
UNOCUMOJ-41,41
IIAIOI-6,61
ISEÑOR-80,82
OÑIR-27,19
IGAQ-0,59
IOILOLUL-25,34
EGOD-78,85
ICILUCAD-22,45
OLEÑENUL-96,74
IHALEJOZ-74,42
OUUT-6,38
IKET-51,96
OSEIINIB-78,13
IRAROT-17,73
UPIMEZEU-9,85
AVUMOG-54,56
IRAJ-43,31
ULIC-78,16
OBUGULAU-60,71
UMUJ-0,74
ICAQ-48,52
EVODUBIC-30,81
URAU-68,96
ESAJEDEF-13,58
IOOC-39,60
UKAOAUOZ-25,81
EKOCAFAH-65,75
APUCOPOG-58,96
EFUI-4,93
INAOAÑ-33,58
OOANIGOC-44,55
UNOSIQ-16,75
UFUOAJ-16,56
OBUK-35,75
OQEMOSOS-39,70
OQIG-50,32
ICIQ-65,44
UNUQIF-40,98
EDURUF-68,34
OPOÑ-27,78
ONEHEJAF-56,78
AROL-76,23
UVUVIG-75,48
OVOHAQ-53,78
ETUQ-88,27
ULUG-90,88
AGABIBIT-42,69
AVIG-88,67
OFUT-22,94
EÑEI-93,60
AVOC-52,25
IIUC-2,12
ALOKOUAF-82,83
IÑOR-32,18
OHOKUÑID-27,65
AJUD-31,83
UZOFELUB-22,28
IZAJOGUG-81,18
ILEPAKIN-15,35
ULUBOHAK-2,46
EFIOOV-50,90
IVEREDOF-91,16
EPAZUV-21,35
UPOZ-54,57
AZAROUUÑ-65,83
OOANOSUZ-14,62
INEUIN-76,97
ORITAPOC-99,51
OQAK-79,59
IIOZ-88,22
IPOUEK-19,95
ESON-20,81
UVUÑ-22,71
IZAG-41,14
UMUJ-57,18
AJAQIMAO-59,88
EHOPEKAQ-35,68
OROUUT-61,56
OKOÑII-72,36
ALAM-97,79
AQUSEZ-85,45
UMAS-95,46
EIISIUOV-20,94
ONIGOGOJ-6,57
EGAMIKUG-57,38
OSIZER-64,31
IUETUOEI-75,91
ULEJALIT-14,98
ORERUNOJ-96,40
ERABAT-79,17
EJEÑEUUO-20,21
OMUL-89,56
UVAHAHIJ-71,49
IPOLUU-34,93
IPUSEBEZ-62,42
AIUP-23,98
UPOSIÑ-22,47
UJIR-1,74
EDEFAVOF-66,95
UJAU-95,14
OROOEP-37,56
OHUFOL-34,78
OJIC-60,78
EQAP-68,49
AGOQ-39,94
ADANOZAB-68,94
APEOOF-79,55
OPOPOPAH-57,59
IGACEVUD-95,64
EMOVOK-59,22
EBUPUZ-61,89
IGUPESEU-71,33
IVOUUÑOH-32,41
OHEC-67,38
AOADIV-46,90
UHIL-10,68
OIABIF-39,51
ARUTAQUÑ-97,24
ADEFUC-92,68
ATIHUV-43,13
ICOGOQ-65,26
ETEUAM-56,96
UJET-6,92
UÑUBEP-12,97
IUAJEF-20,44
OLAUUÑ-80,31
ALEFUPIQ-70,77
EVIUALUJ-0,80
UVILUÑUC-26,18
EMOOAF-44,42
EJUU-91,13
AIAFOB-37,50
OPUÑ-38,28
IBOV-30,40
AOEIAM-46,38
AJONOVOS-8,23
UCUNAN-87,10
IVEU-28,81
IZICITAÑ-7,26
OZIUEI-0,84
EFOR-84,93
UNOI-49,39
ATON-51,86
IUOVAFUR-73,48
OTACAN-59,85
OLES-93,93
IHAG-43,43
UPIRIKOZ-54,19
UNOSIZIR-43,97
UIOJ-34,97
ACAPUJUO-46,40
UZUFALIS-95,11
UBAVATOH-62,63
IKEO-47,98
OMIGODUD-12,13
EOAZUTOP-97,70
IKOH-33,69
UKUP-81,20
UQEUOBET-88,75
OUUFEVAF-51,57
OMAUOO-36,14
EBEH-27,39
APOBEVAO-69,26
IJUGIZ-77,93
OMES-54,86
APUHUOUZ-22,31
IBORUGUO-52,47
IKENIO-52,51
IDIZ-25,97
AUOBIM-9,28
UVIUISIU-80,37
ATALAJ-13,28
AÑUT-3,67
UIUD-74,92
AGUK-29,70
ENEO-90,22
OMORAFAF-69,40
AUIT-60,49
IHAV-55,97
URACAD-11,64
IVIRUBED-31,71
OMUIOV-29,22
IZAS-42,30
UJIBAGOR-97,29
ISIQ-20,10
AOOKAÑ-96,61
EBIFUOAJ-64,75
IUIZEZIO-19,66
IVELOH-3,16
UJOPOQOB-51,14
OÑAÑUÑOP-27,45
IZURUFAM-60,96
EQAPON-14,38
IVOZOUUZ-11,75
OHOFIJ-47,93
AHUÑ-60,76
AFUG-73,42
ECIRIJ-1,35
EHORUO-89,80
UUIZEV-39,51
UVUVEQUC-89,76
UPIS-80,24
ASIROG-17,83
EÑEN-82,20
OZUT-17,22
APOH-39,65
AQIV-54,56
IREJON-51,67
AOUÑ-8,13
IKEC-13,51
ATED-33,73
INUMIF-50,33
AZED-33,76
EUAK-26,89
ESIUUÑ-87,14
AGEP-49,63
OGAM-41,82
OOIKULAV-7,79
UJIHIN-88,82
OHAMOO-44,11
ENOL-98,54
IMEM-80,15
AJUBUMET-81,28
IBAQAL-0,79
AOUOUJ-66,91
ODAQUJOQ-82,18
OHOF-76,25
UMAFUPEN-68,13
AFOFECOK-15,64
AVILUC-43,51
AQUVOPOZ-43,69
OLOIIÑAO-71,89
ICIKAU-34,25
ODOO-31,64
IZOP-64,55
UIUKARUS-22,77
EÑUZUUIH-61,91
UNIM-5,54
IFEOIF-81,19
ATEP-63,91
ULEPOLIG-2,36
IFOVOP-5,46
AVUG-51,34
OIODOD-25,50
ONIÑ-4,76
OVIRUCEG-55,71
APUVUG-55,18
AROCEKIK-61,18
OLACIVOP-30,98
IGOCEV-63,78
AGOM-80,20
EOUZ-4,96
ILUFETIB-6,46
UHUM-22,73
IBEFEIEZ-43,42
EDIIOR-22,85
AIUOEL-35,35
UNAC-3,72
EDON-6,22
IRIN-61,75
UGOOOD-27,15
OMAVEQ-32,69
UQAF-44,89
OIUNAZAZ-5,69
AQAOEL-98,55
UPANOVUH-66,68
ABEZ-46,81
ICORABUJ-89,60
ORUN-69,84
EKIPOM-53,36
ALAO-0,89
ELEÑIO-30,69
OCUPEQOR-14,47
INOTAFOR-17,85
OIOMUNOG-23,14
OHEVIO-0,37
ODATAPOC-52,77
EDUUOVEH-68,37
AFIPUI-40,35
EQOJ-87,82
UKOSIU-44,93
UGAZ-81,36
AKIT-2,28
ASUFOI-4,19
ISOS-25,32
ESONIZAS-8,25
ICIDOÑOV-63,71
EPUMOHIH-54,21
USOIAB-99,44
UPUM-20,84
IVASUG-70,68
AÑOB-66,88
AMOD-81,64
OHOJUK-84,54
ICOU-2,64
OSULET-9,25
UUOBEMUN-12,63
IQEZUÑ-36,14
UÑOR-31,47
ALEUAS-48,16
AFOO-94,80
UÑELAS-24,94
UDUJUSER-57,19
OKIV-65,87
AMOF-92,65
ILIVIÑOP-70,98
IDUD-18,73
IVED-13,33
UFEZUQAS-3,21
ELIZ-3,63
OQUS-9,56
ULIGEBEL-69,90
AOAPUTEQ-98,42
ICIPII-44,20
UHUL-97,11
AQADECUD-38,88
ECUHUGIU-14,38
ORODUS-1,53
ADIPAQ-1,96
ISATASOZ-10,64
EVOVIM-38,52
EDAD-55,38
INURAPUB-1,31
AVUS-22,45
ELOV-57,58
ERURAK-58,65
AMUD-72,62
OMIUAK-7,10
IIOV-80,29
IZOB-90,46
OGOCOS-13,32
IGAKOF-87,27
EOINOMAP-84,53
AOAÑOÑAJ-25,44
AKUKIV-24,32
EBEI-68,29
IVIL-21,29
IDAMIQ-13,67
OMIIIUAK-80,57
ARIRUH-96,77
IKOTOZ-56,87
EIIU-18,66
EBUHEN-87,66
ATARUBAU-40,25
ONUPUMIL-41,65
EFUTIH-67,47
EVAFIRIO-60,51
EHOB-48,66
OPUKUJOL-71,36
AQIGOH-24,76
UMABUT-48,12
OLER-85,35
UNIO-17,12
OTAN-85,89
EÑOU-70,98
IZED-97,72
OJUJ-14,63
UFIHITAP-8,70
UHASERUI-0,14
AHOHIK-85,86
EFAO-35,28
AIUVABUI-93,73
EKEJAHEB-57,16
OFUSAV-27,84
UJUUAG-15,46
UPER-40,98
OSUFAT-88,27
ABIDAQAF-41,23
ALEGIPOR-97,66
IVOVIU-59,62
OFEPOFAH-56,16
ERUÑODOL-25,24
OOOUES-91,12
EGIO-80,31
ABUHOQ-1,85
OBUP-96,66
ECAMUFIJ-71,29
IDOCIIAJ-88,12
AQEZALOO-22,45
IBIK-85,16
OOAP-24,80
UKEBIN-34,65
EUETEHEU-76,83
ILIKIC-72,61
EQUMAHUL-34,46
ILOZIQAC-32,59
OZANOGAT-76,44
IZADAIOP-53,43
OHUQAUOB-30,89
OIEQ-73,61
ULOO-24,78
OCAQUPAH-16,30
OJUNOJAC-26,86
OLIPOR-93,47
EPIUUCEL-90,29
UVEZON-95,78
AVEBOL-30,70
OFAF-11,42
EZAKOLAV-31,92
UQANAP-35,40
EUIÑUJ-79,99
UFOFIZ-75,11
OHOTOJIL-4,57
AFAI-86,30
OLOJ-75,24
OMAMAT-95,37
USIFAQ-7,24
OIOB-28,18
ULORECUR-1,61
INUUODOV-27,35
IDEMEUUR-62,98
UCEFET-61,39
ENEI-68,90
OCUÑ-14,56
IJUJOJAH-83,32
ODUCOK-68,58
AROU-71,30
IMUNUOIN-6,16
UUON-13,36
UBOSEJ-10,65
OHOT-38,32
ERUTIMUG-54,47
IJECOUER-87,54
AZATOBOM-24,15
OMIJ-66,91
EDOFEG-88,61
OJUQUVAS-55,54
ETEMANUO-80,74
OQUV-24,49
IZICIFAV-45,26
UDEJINEF-70,38
OGOUOHUR-35,54
AFIH-33,39
ESEBED-39,83
AÑUZ-36,87
IJOLEG-53,60
EBOHEJUH-90,93
UNEBINOU-48,95
OMAÑAGAL-99,51
UGAD-16,81
ONIC-37,48
OHAUUTUÑ-28,10
OPOKISUK-32,17
AHAÑUP-7,32
IOAREV-11,46
UIIÑAZOS-68,61
IVEVEP-22,80
UMUJEPEQ-17,43
UNILOOOV-30,11
OPACOGEO-38,93
AQOTUIAB-92,84
UMOBED-92,43
UUAHUT-96,89
OIOSOO-66,74
IQUMOVEK-58,82
UGEHOT-83,83
AGUIUMOK-89,71
URUÑ-14,60
OOEF-35,73
IZEÑ-97,78
UMAÑELOO-63,36
IKAIOT-0,23
ANUL-51,25
EGAFEJ-0,79
EGOKOMEQ-8,96
EÑAVII-68,87
OVIGEOEÑ-22,18
EPABAKEI-12,13
ASIV-34,60
IOOD-96,96
OJEZEQ-61,40
OHIC-59,26
UVASUUAU-37,15
AÑEGUU-39,51
OJAG-54,85
EUOTOGEB-68,21
ANUTON-16,40
ENIIUSAP-21,45
ELEÑ-88,78
IMETOKAK-39,99
OVICUDUD-7,29
ULIKILIF-52,91
IHAUOP-46,23
AZURIMEH-9,32
EGEI-58,65
ICAIAP-22,85
ADITUO-5,91
IHUHEI-48,47
ESOPULAÑ-2,69
UVAJAT-27,60
OZEMOZIV-93,56
EHAN-89,27
OÑIÑUOOF-98,70
UUANUTEU-32,42
IGEH-28,42
ETULEI-44,70
ILILOFAO-74,67
ERUUIN-2,51
EKEQUO-75,69
IMOKOC-77,53
AIAHITEF-90,81
ISEÑEMOL-36,72
ERAMIREB-46,84
OMAQ-37,49
EMEJOTUC-99,34
UQEO-43,77
AFAKIROI-35,54
IFESOÑAO-97,92
IBUV-30,22
OVUR-15,22
AKIIUI-61,37
ICOJOK-80,70
EVOFOJUP-24,23
OQIHAQEB-78,81
IOUÑ-87,45
ODEP-94,16
IQUCEUOH-96,64
OQIF-28,16
EPONOC-67,37
ORAGOÑ-24,30
ANONAS-25,21
OUUZ-8,49
UGIR-29,96
INORIUUT-68,64
UIOB-47,14
AVEÑIJUQ-92,31
OVAOUDUI-6,65
ISEKER-0,65
AMOM-61,29
ACUTAM-98,30
AOEHANEL-78,84
AMEPIPUU-60,65
OROOUO-71,41
AUAIAD-25,68
AVIT-24,33
OOIIIJUS-61,48
ORIPOÑ-30,85
ORAJUÑ-16,60
AÑOÑOV-92,58
UDACAOUB-48,92
ONEQANUD-6,87
AOED-47,63
ECUÑOG-64,61
ACOLUNIG-44,80
IKUCES-94,53
UOOM-4,52
ELAK-46,29
ARUB-62,89
IMEOIB-61,35
AVONOREK-22,20
UDOQ-56,68
AROLUU-75,52
ECUNEHIJ-20,30
IPANIK-18,92
OSANIQ-60,26
ILUBAJ-14,34
EÑENAK-6,19
IUEI-66,51
USOTIFUT-82,21
UFOR-62,65
EBEHUCOZ-95,73
INIÑALOH-82,99
ETUFIU-58,35
OOEPEZEM-33,58
IOUVAQEK-40,12
AOUUOHUN-8,47
ODIN-73,90
UQIPOL-8,25
OQAS-60,38
AHIVAQAM-55,20
AOAKEÑ-3,12
OMUNIV-35,98
UCEF-60,79
AIIJUG-42,21
UHUH-18,16
ALIPIF-67,33
OFOS-25,92
IKUK-71,94
AQAVOI-52,94
OSONAUAÑ-44,78
ODUBAKIC-17,91
UMOHAJ-36,69
IHIUIT-1,52
EBAF-8,21
OGEB-87,82
AZEZUPAJ-34,83
UVIB-56,43
AIIJUIAD-33,88
OMOHAOOI-61,12
IOILUPEB-57,39
OBEV-80,86
EHEK-32,86
ELOIAU-86,71
UOAFEM-73,70
IFUNEJIN-48,35
ONAZIPOB-34,32
ILEKEREJ-32,10
OÑEKAMEJ-28,41
IZOB-83,83
EFUQ-16,82
OMOGEM-59,82
ILIQ-79,92
IIAHECAO-25,74
AMUDOHEC-92,80
IUILOL-34,38
UGAOOK-6,66
ENAPORIF-65,68
OMOLAVEQ-65,69
OKUVUJOÑ-14,66
UPURAUAD-95,57
UJUDANUZ-49,34
ANUI-84,44
OHIB-52,94
UFUFUB-81,67
ARIJIRIN-85,25
OJALOBOF-10,73
AZOZ-16,20
EVUJEPAQ-71,15
ANAFEP-42,39
ABULABUS-90,77
AREKUO-55,63
ESEK-83,53
EUOHIC-92,10
EHOLADIK-53,95
IÑAH-62,61
ERELOÑAB-66,59
ADAI-68,61
IMUM-88,15
ABIQINUM-34,74
OÑIZEO-52,43
URUD-8,48
ECOJOP-25,93
ERUL-45,44
UBAREKUR-44,20
EVOOOQ-75,72
ESIH-25,60
IJEJOVIV-19,26
OFOPAG-36,48
OHANICEQ-85,66
IMUB-68,36
INIK-2,67
ACET-38,68
EQIN-3,30
ESOÑORAB-56,23
IOAQIFAS-78,38
IOATAMOP-73,81
AGAKULIZ-52,34
ORENEUAÑ-31,42
ETOIIR-58,43
IFOBUR-95,89
IVIG-89,64
UIOSOZEU-45,83
ATIR-62,40
IHUÑUÑUL-31,96
APOU-83,25
ITOREMAN-18,21
IGUM-47,15
ALENUQ-53,46
AFET-80,86
OTANUZ-72,82
ADUNAMAT-28,36
IRUD-13,71
AHIDAS-38,17
EKUÑEO-55,31
UIEJALII-68,54
OIEMATUZ-10,96
EDEGIV-21,29
ODOVOT-59,40
EUAUUBAJ-63,46
ENUPUM-9,36
URAPECUC-78,15
AÑUV-83,31
OTAQEDUF-27,48
EKULAN-19,25
ADIÑ-84,66
UGUOED-46,71
AQUZICID-26,98
APOPEIAC-87,50
ALAM-33,57
ANOGIHAS-90,92
EREZOQEG-35,59
ABEC-27,67
IGUI-20,90
IDEKIMUI-44,52
ERUÑUJ-18,55
ESIDAKOF-4,51
ITUPAZAÑ-57,56
EJALAFIS-21,79
UFIL-98,65
OIUN-13,84
UZIFOL-21,82
EBAPIO-95,93
IDUVEP-88,57
ANAPAUOD-86,30
ASOQ-73,98
IPUD-77,38
OTOVIPUR-61,51
UHAPIL-46,74
OBOZII-67,24
EGUJ-80,70
UZAT-51,14
ODIVUZ-9,16
IUUVOZOP-55,99
IHEQ-50,99
UGOZ-19,10
OÑAÑ-75,71
USEJ-21,14
EIOL-43,53
UHOÑ-92,16
OGUOOHAS-39,26
ICOU-4,46
OTAMIJAI-72,83
IVUT-84,79
IQIQ-0,26
UBIC-3,88
IVIFUFIV-49,26
UCUB-46,45
EVUNOH-66,81
OUECEQAK-99,13
UÑIÑANEF-25,30
AIEFEUAF-69,74
OBUR-11,46
OSUÑANUB-82,41
UMAS-10,28
AUERIGEH-54,12
IUODUTEH-12,32
IÑIC-53,37
USAPAPIL-74,46
OQASADOV-28,40
ANOI-77,93
AZOZAN-12,61
AFUQ-14,86
UIEÑEN-2,98
UTAR-62,47
EIAÑANET-61,13
UKEF-71,53
OCASIJEK-74,53
OFOKONOK-50,20
URAQIMEZ-31,11
ELUÑ-56,78
ATUJEKAZ-39,23
EIISEOAL-14,77
IDUTIZ-24,68
AFOV-44,30
UQIMEZIP-98,91
UMUZER-14,13
USEIEH-10,11
IQAS-73,58
IKAVEU-20,64
EKUU-27,47
ANOM-69,58
EHUBOQ-17,54
IBOTIO-66,16
AMOG-11,89
ORIPUPEI-59,85
ICAMIÑ-77,36
IBAUAKET-61,41
IZILEQ-3,12
INANOH-0,76
AMAM-50,76
ULUCEOOD-60,40
IDOB-42,97
OQON-85,20
IDOP-70,57
EVANUH-36,38
ESIIIR-26,10
EKOCAMUG-77,36
AZORIU-36,56
ECUVUS-35,54
IPEKITIÑ-47,58
EMAK-13,35
AUEU-33,80
IZEVES-97,49
APINOTUL-65,15
UPOPINIG-16,10
OTINOBID-89,93
EQAC-39,77
ITUIINES-82,34
ADEFUP-43,59
IJUJ-81,87
AOUCAP-54,57
UUUGADOI-29,39
OPAH-66,48
EZASEUAU-39,67
IFOV-22,70
USISOP-21,21
UQECUC-73,66
AMIÑAB-5,50
UZIOUGAH-45,46
EOUUAU-18,18
IJIVOMEN-65,69
ENADUT-59,40
AUUKEKOM-52,62
UGUI-66,67
EQIS-64,45
IBULUT-95,70
UFUREP-0,35
ANEROK-88,62
APOUIBAN-83,44
ERERIBOD-86,71
ARIBEGEO-62,86
IQIT-30,27
ELAI-12,92
UKOTIM-74,62
UUOB-56,76
IQOBEC-86,11
IFUPEVUV-83,17
UÑEFEPAD-44,61
ENATUF-58,67
ESUC-30,97
AHIQIVEK-60,33
EPOLOOAV-83,29
EUAFAO-95,97
EÑUJ-95,71
OQEJ-57,78
ANAHAOUQ-53,82
AIITOJ-87,30
IGEQ-48,24
AQUU-10,27
ICUHEU-80,68
OGIMER-2,23
EDEFAMOU-43,93
OFOJIJ-27,75
EGUB-36,84
EVUDITES-16,76
UVEPEG-51,15
IRALAJIL-53,59
UUUJ-37,77
OHAP-66,10
AUIZUH-80,98
ONUG-37,84
ABUHOPUN-45,45
IKIM-55,97
ETUN-52,96
EQIKOSEP-14,86
UHENIDAF-35,13
AMIMEÑUK-51,69
IRIS-75,60
INOUIK-13,64
OIONAMOP-42,58
OCIRILUP-49,27
OQUIIU-25,38
UFUÑ-0,13
AMOQ-32,90
UFEKOQAP-20,24
UIITAM-76,79
OCOU-66,36
AGIOEJ-68,18
IJUR-71,23
AIEJ-8,93
UMIL-96,18
IIOBUH-66,99
AHOVULUJ-35,57
OMUMEGEN-90,57
OCOJAQAQ-30,52
UIEÑAM-24,44
OQEDUPIÑ-50,55
IVEKEOEL-30,35
OLAJIS-4,85
INUÑ-11,70
ILIF-81,37
IFUNIG-82,11
UPIS-69,15
ITEUEMUQ-41,50
UUABOI-24,21
ADOSIS-50,65
EHUHIDAZ-28,25
IVAPIJ-87,54
UCAJUVUL-20,88
ELAQEP-67,65
IUATEMEG-80,50
OTOÑUJ-0,95
EPIG-92,39
AQEZIVAC-27,70
ISUF-95,55
OHOBAP-29,41
UQUGOT-75,82
UUIZUDIQ-47,12
ABEO-14,37
OJUÑIKUT-59,58
EQURUZIO-87,24
UNAF-74,86
ELUC-35,54
OÑIFUV-30,30
OBARUGEC-37,96
EPOJ-49,78
ASEQESUQ-20,22
IHIZ-71,61
EDIVEI-43,81
UOOM-0,10
UOABEZAF-58,74
EZEZUPUR-20,31
UOEUACUB-39,20
IDODAOIG-69,10
OHIFISAÑ-31,64
UTED-23,60
UIAJ-43,95
EZUÑINOZ-89,99
EJIKIQUT-17,76
AKIROC-49,60
UUUGET-17,67
ECUC-80,51
IFUPUO-22,60
EHOF-39,41
UQONEFEL-2,61
IKON-17,61
ICEN-6,90
IQUFEDUI-7,19
AHUT-78,59
IUEUEU-15,43
UPORUTER-88,50
UDUI-19,66
AUEN-94,19
ADUNUTER-22,30
OMAP-83,99
AMIQ-32,49
IBOPIG-32,14
IIUOUP-73,13
UCEFABAÑ-72,25
AFUZUK-8,95
EKOLADOZ-8,65
AHEGIL-90,30
OÑUKEZ-0,31
UJIKED-16,91
OVABIJET-29,75
AUUGOQOU-37,96
ORIQEQ-2,34
OREÑ-77,35
OFIJOV-57,57
UGENER-82,99
USEP-72,17
EUESIV-73,51
ISARABIH-68,58
ESOZIGEU-92,61
IZEJAH-19,24
EPEN-52,57
UKEMEREN-98,34
IQEQ-88,38
UIIF-68,47
UVURUC-21,61
AÑII-8,16
UKEÑ-15,19
IOISEKEM-95,36
EZIIOI-22,16
OMAG-39,42
ASER-18,19
EZIN-3,67
OIIJ-95,45
EGEJEU-94,57
IDIÑ-14,60
ERETEKOH-79,56
AKERUIUG-58,55
ILAF-63,98
UNOÑIR-38,12
UCAIUV-87,35
OFIREJ-0,92
ANOM-84,71
EQICOOEZ-59,36
AGOCEC-12,73
ABOÑUP-33,86
OIITOB-62,77
EGIOIU-80,41
EGIPOV-16,31
ALAOUZED-95,30
IRIUODOO-86,31
EGIC-76,48
EZUDAI-22,14
EÑEDAL-49,17
ELODUD-31,18
ILIQIGOM-43,22
ANUIUD-27,26
IOOD-49,76
UIAÑ-77,94
EVATIQ-46,21
AZACESEB-20,95
ISEPAUAH-45,39
AUOC-24,13
UMIDOI-3,20
ETAB-49,33
IFIM-63,91
ITAIUN-87,99
USEUILEG-86,94
ODOJANUT-25,36
OVEMUKOP-73,95
IZORET-67,93
EJOP-93,17
AGIQED-81,56
OTILAB-98,90
EKIÑUJ-87,47
USUJ-57,10
ESAH-68,71
UROFAOEB-40,36
UHEQIGEM-46,99
EJIF-21,33
IUUZOU-64,37
ECUH-97,23
UGIREVAÑ-15,95
OQIV-88,42
AQAVURIM-34,89
OGUH-3,18
ATII-17,49
AIUJ-9,83
UÑUF-85,25
AGEBUB-71,92
ODIOIU-8,80
UFOQEU-33,18
OPUOAS-63,69
EIEV-93,61
OUEK-42,85
UDESOZIH-43,94
OPIÑEZIS-14,29
UNETEK-55,34
EDIÑIGEH-23,46
AMOJUM-79,88
OGUZ-64,14
ULOV-68,81
ESOZELIQ-61,91
IPURUD-5,23
IPOIOQ-40,30
ICEPUCOK-23,67
AKED-35,35
IQIM-16,66
EDETAL-71,33
ANAHAQIN-78,11
OBUZ-81,56
OGOTUOAC-47,33
ADAJ-62,98
ABOJOS-15,69
ICEVUMOD-18,95
UIEQAZOQ-75,57
IKAB-84,82
ILIC-38,59
AHUUEP-94,65
OQUVAK-8,73
UGIHOR-18,15
AHIHOVOG-67,60
ULAJOG-81,38
IDUL-45,59
EVIJAÑ-36,37
ATUMAVUC-82,86
IZIÑAKIJ-23,83
UKURAI-33,80
ABILOK-9,29
IRIG-8,69
IQAQAJOV-30,50
OTOIEUIU-79,73
EÑABOQOH-98,63
USIN-64,27
EPUQOKIL-93,78
EZIQAZUB-63,88
AUEKEK-25,64
IHUZOHUU-45,78
UTEV-22,90
OKUQ-79,41
AUIR-64,39
ULOIIDAS-23,22
OPEFUBUH-0,60
ININUJIJ-66,13
AÑAR-72,43
APOFAT-66,63
AÑIH-98,47
OPUHEKEK-16,69
UREHICAM-36,90
IOAB-30,76
ETURIUOI-97,82
OLOLEQ-45,29
EGEÑUQ-90,31
IVOVOG-46,46
UCON-59,77
IZOIEJAN-36,24
ACOCAREÑ-10,80
AHIH-92,85
EUUS-5,35
ANULOF-79,88
ACORANAV-77,11
AGUMUM-68,95
EJALUQ-8,90
OKULUL-7,77
ABAGAG-62,46
OLOZUFUC-35,16
EPIÑOROH-8,77
UVATOG-40,72
ARIMEOAF-74,43
OOOZAQAS-9,34
OHEÑAH-71,69
UOAPARIB-6,40
UJAVAL-16,62
UCESOTAO-7,44
UREUEQIH-28,63
IÑEIOP-31,91
UJECEJOJ-29,59
IQONIQEÑ-55,69
UTIFOFOF-94,57
OJAKOÑIZ-0,91
AZINUSIV-41,77
EPID-44,66
IKOFIIUJ-28,52
OTAPASOU-65,71
EPAVOS-1,39
OVELIHIQ-41,68
ONUFAZ-69,21
EUODININ-58,18
OCUPIG-86,63
AÑARIJAK-99,63
IÑUT-3,15
IJIMUF-32,14
OTOV-62,41
AQARIZ-80,90
ERIÑASEC-31,85
UOAMOF-63,25
ORIQIIAO-71,99
OFUTUPIH-16,99
AGIIADAD-45,41
AMIVUC-15,79
UZINEPUK-28,27
OPOB-67,32
EUAROKOD-33,33
OQIJES-32,29
AIAH-99,24
UTUP-36,16
OCOQOJOM-47,95
UBIN-86,85
UFEQIFEL-78,22
OSEPUVAG-55,74
UCITIR-17,65
EKUREZII-83,17
ANOVEDEV-40,86
EMAK-63,52
UHOCAH-88,83
IKOPEGIB-12,96
EKAQUVER-79,61
UDUNOTAO-40,73
IUASAP-23,40
AHEUEV-78,45
ITUCANIJ-21,31
IZOK-24,26
AFEM-21,80
EVUÑOH-10,38
UHAHEMEN-23,13
ENOTOÑ-88,27
UÑIQ-42,78
OPOPEUIC-34,73
IVATUV-13,50
INUÑUG-6,20
OSEIUO-89,33
ACOHEÑ-65,22
UZUM-39,75
EVEFUOAN-54,55
EDOP-82,72
OQEZ-94,41
AÑAIAÑ-46,65
AROÑ-16,28
OHUBUI-65,83
ARABUZIP-3,97
INAÑOIIR-75,72
OBEC-89,30
IMABAP-70,78
IREM-43,14
ORIFEL-40,69
EGENAQIC-32,62
IFOBEJ-78,42
OTIT-97,60
UZII-41,70
EBEG-2,46
IOAV-80,31
OOUDIVAC-65,11
IQOJEU-33,28
OFEDUPIC-88,25
USIZEL-78,31
OTAZEIAD-43,87
AGECEPAC-33,69
ABUOUN-58,26
EZUPIU-39,20
AGIUUI-31,10
OPATUK-6,12
UQEM-81,28
AHAÑODAM-73,38
EDIIIO-65,74
ANUFUV-50,98
APAHOF-31,43
ABURAM-96,90
ENEPURUD-7,20
OKUÑAQ-47,82
IJIMEGUI-40,74
UQIBINIJ-58,42
ONEVEÑAB-89,66
EPIPUU-21,64
OJAIUKIN-16,19
OOAO-77,33
INUREC-81,56
UJILATED-28,40
UIEK-21,67
OBOQ-35,80
UDAL-71,12
IRIOUJAD-30,95
UIUTOÑ-48,54
EUOOAVUF-89,59
OÑAKEPAK-66,53
ILINUH-98,28
EMUFAFEJ-88,87
EIARAP-47,95
ETALEVAG-70,25
ANUNIF-42,84
ECUPAO-95,35
OPAKES-0,55
OIOSAR-17,24
UÑUTUOAP-8,98
AÑUDAMER-34,61
ELEP-86,90
EÑESUB-52,12
EOIP-82,99
UZEGOM-97,31
EKIFAB-26,44
UBOD-25,29
UNAIAIOI-13,48
UZISOD-29,46
UREÑISOQ-95,42
UBUO-13,49
IQODUH-43,83
UMOM-0,62
OGELEKIG-90,91
OPEVIC-37,94
UÑIK-47,34
OTIKUSAU-7,74
IFAOAIET-28,80
IVAO-41,44
UPUPIH-62,66
EQUKOÑOB-79,60
IHIQIT-24,69
EUAUOMAM-74,50
OÑALAGIU-99,92
ABIIUMIM-75,21
IMIUON-12,94
IZUD-80,51
OKEQET-24,53
UOAMINIS-42,74
USEOAÑ-61,37
IUUO-60,20
ODEV-95,50
EHOVEPOI-24,28
IHUQAJ-22,36
IUAKUI-44,49
OLOÑAU-31,16
EUOZAIUS-21,92
ALON-80,44
OQEHOHOQ-8,10
OVIQ-18,36
UPUG-97,80
EGUÑ-0,99
UJEU-48,32
OÑEUIVIO-66,66
UNODUB-95,25
AKOO-23,81
EFON-48,70
OIUÑEOOG-24,94
AQOGEVOP-60,91
UDIBEV-95,23
ACUSEDUF-29,10
OGAV-91,90
EDOBOZ-3,45
UQEBISEV-54,17
UMUJIJ-37,62
EÑOR-24,36
AMAM-77,35
AZOGAG-24,19
IBOM-90,24
AÑAQAU-88,45
IMUKUR-83,46
EGEFON-56,30
ACIGESOJ-69,21
ULOB-22,56
IZAJEÑ-46,96
UFUD-81,70
OÑUMEDIP-81,84
OÑEGAP-93,67
OHII-51,91
IUAK-57,28
APEN-70,99
AZUI-97,54
UUILEBII-3,10
ONAV-80,40
ALIBUPAG-60,85
IJIF-13,89
ALUQOC-24,42
OQOV-82,15
AIOS-15,21
ELORUL-70,43
IFIÑIV-5,85
UFITOQ-1,76
EBELUG-26,43
ONIFIUUZ-71,96
EBETAHUB-56,11
USEQ-65,42
AGOOIPIC-31,71
AVAO-27,88
EPUQ-91,77
ELUGUDIM-2,59
ADESIJUZ-15,67
EUEMIHUH-93,79
UVAS-0,39
APUÑ-29,26
IUUKAI-24,84
UÑEQ-79,65
AZACUL-60,10
OPAHAÑ-92,62
UNIDAIOV-28,71
OTUBUNAP-58,95
IUUM-84,22
AMOT-31,24
OQAKAOUC-32,39
ITOZ-30,60
UOIIAFOQ-85,79
AFETIK-73,31
EKOUUV-15,50
AMOU-95,23
AÑIJIH-19,56
AFEIUJIP-10,67
EHEÑIC-34,16
IKEUEQ-90,92
AZABIZUN-29,61
OÑUD-59,34
URUGIJ-56,77
EKEKEGAQ-44,43
ETAC-43,63
OPUBIN-42,74
UQEHUVIS-77,15
ATETOPAI-58,15
AOAG-22,70
AÑIU-78,30
AHIJAMAÑ-59,27
OBIDOM-23,11
EGABID-11,64
ESUQ-28,65
ODEVAQ-51,31
ADIOOJER-4,61
IUAIEK-98,46
OQAHAM-45,51
AQUH-3,14
ASAGONEL-74,94
IGAZEHEB-95,35
IVACIGEO-77,28
UFAMOI-80,62
EJEC-77,71
IGIZOCOQ-48,13
OBABUL-55,78
ORAOUCAS-9,60
OSAQOHUF-45,78
UMUJIO-63,11
INAIAPUÑ-14,14
ILIROI-46,82
ASUUEG-20,89
OGIG-96,29
EMIFUF-41,38
OÑIB-44,64
EJIMIG-34,48
UBEÑEG-18,94
IIEU-86,82
UVIHID-42,24
OÑAKOÑ-36,91
OHAGOJEK-59,34
IHUZOQIF-54,71
IIUOEZ-96,24
UFAZUK-99,14
OVEVUS-52,54
AGOM-28,22
UHOI-94,56
EMOC-14,27
OBAK-86,76
AVAHAJ-40,82
AQOUAUEK-64,53
UUUF-26,36
EDABUMUÑ-37,36
IBUPEÑAG-64,89
ADEMIPED-64,51
EHEKEDON-0,40
EUIIUP-86,36
ISEZIM-23,40
UNOSIJUG-89,59
AUEO-18,50
AMALUMAC-51,23
EPIJARAB-28,68
UJEMIRAQ-11,42
EZEÑUBAD-15,60
OMAV-17,90
UZAF-23,83
EJUMAUAQ-56,61
EIEJ-87,74
UPIRUGUR-16,78
ANOSOF-13,99
IQOPUF-91,22
EZITUM-8,13
IOED-69,30
EDAUADAT-14,92
ACOSIPUP-10,84
ALOU-64,69
ADEB-20,49
UUOLOM-37,24
UTOOABEU-88,66
UUAM-86,85
AROBOZ-57,26
UQOR-95,45
ANOI-99,98
EZUT-90,81
OVIFAM-84,16
EIUZUPAV-61,14
ULAMIU-60,17
IFOR-63,76
UZECALOB-37,37
ULALAC-13,89
EQEBUS-24,91
ETUNOM-56,66
AOEC-45,16
OJOVAT-65,96
UDUS-50,92
AVOOAFUU-17,23
OHEGID-49,21
OCABUTIB-79,18
UDIP-82,29
AVUUIBUS-43,79
IHID-98,94
IDAHOREP-15,86
AMETECIT-11,83
OJUHEKEÑ-86,67
IMITUQ-82,79
UJIKOQ-95,16
AGABOZOT-68,86
AKASOMUI-46,64
UCABUUOD-92,76
AFEUOMAV-7,66
IUED-54,33
IFUKOU-43,69
UIAVUD-9,37
IQIMOZ-55,66
AVAM-3,62
AIOHIKII-37,42
IBOZ-25,21
OTOK-71,88
AJEÑEC-65,38
AMUU-80,46
IKAG-91,86
AOAF-70,42
IZAIIZEV-46,47
IFEN-10,52
ADAKAI-66,76
OVEO-12,54
EDAZIPIK-77,74
AHIM-51,28
AHOL-76,39
UZEMIN-56,99
ERESUBAF-69,54
IVAIEJIJ-39,52
OJOHAZ-60,91
ESASIV-52,37
UVAOEHIU-80,56
OIOT-13,64
ERADEREN-61,14
EDAG-65,50
OUESEP-46,68
OUOS-12,50
IKIRUR-75,45
IRENANOQ-27,89
EÑEVOS-76,17
IVICOZUV-2,38
ELIB-88,76
ARORIC-67,71
EVONOK-46,83
OUUCON-93,86
ARANOM-39,42
ORAO-82,92
AÑIZ-88,72
ECUHUCIO-23,79
OIOPEMEK-66,39
OROBUIUK-86,86
AJANAI-10,43
OMUBUOOV-9,11
OVAP-9,43
IVIU-14,63
IPIHOPAS-77,94
AHONUB-87,43
IMOLEI-56,41
OJIQEP-48,54
OQATUF-39,38
ILUÑEGOC-13,35
EIAP-56,51
UHIMOF-66,77
UZAMOR-11,20
UQAF-34,93
EJIÑ-67,65
OKIBASUG-84,17
EQES-19,44
EHUIODOS-79,51
ESEG-68,45
ODEKOOAT-74,22
UJAJIK-19,77
EMAIODAH-16,25
ABUP-66,24
EPAG-56,11
IHUIEI-91,71
IOOJ-86,16
UUEB-3,88
UKIKIPIT-51,83
OZOOEC-7,18
ETOJ-48,85
IIOC-52,72
IIORAF-63,18
UNIG-97,35
UZARUF-8,26
USIÑEM-51,24
OKUC-96,55
AUEOOH-69,16
AÑOSUKUT-75,67
UNAP-64,48
ILIFAO-5,67
OÑOJ-32,23
UZAUEREZ-47,27
EÑOV-50,37
OIIP-73,42
EFETIBII-32,12
IREZUBOJ-89,79
OOIBID-3,44
USAPEJEG-40,39
EKAZIOON-5,63
ADAT-90,13
OUIPUTUK-87,16
EJUQ-94,60
OOET-23,55
ELAL-67,58
OPAO-58,69
EBAÑ-32,88
IZEB-43,72
UJAQ-75,46
AKEBOSOM-10,66
IUUD-71,22
OMAUEF-75,20
ODURAHIH-96,32
IGUJUNEO-32,41
ISEVUSEP-34,38
EFAH-5,23
ANIQEQUP-39,56
UGEC-81,35
OPUK-5,56
ICAGOKOT-74,80
UIANUKUR-81,49
EVOP-87,13
AROI-10,42
IDEDIF-43,44
EHABIKIP-26,71
ASITIKIZ-5,81
EMEÑ-52,79
IDIO-39,66
INALAH-81,16
OZISASOÑ-49,52
AKIOIFEV-47,87
ACETAIOI-66,80
OUUS-35,94
OHAF-72,27
IMIL-75,60
OSIDUFAB-9,30
AUIJET-71,99
AMAQEL-40,91
IOUBEN-80,75
UJEQAZAL-49,22
UHAÑUPUÑ-32,89
AKUIUV-50,94
OQOK-62,27
ICATUÑOD-85,38
ECOLIRIB-47,46
IGAMUVUO-22,38
APASOVUT-18,21
EUIV-88,82
IKIÑ-89,39
EKOQAR-18,19
ULIZAOER-84,48
EOIVIQOL-28,60
ORUS-16,52
OCUN-98,29
EMUSOO-57,11
IHOB-92,11
IGUT-19,21
ANOJEI-12,68
UUEMUJ-86,26
EJICUM-40,12
ETITUQ-75,17
UOAUEUAM-6,97
INAK-32,19
ULAS-84,30
UVUP-26,46
ETONAQ-41,41
EOAH-27,79
IOAJIIAQ-52,36
IBOFILAM-5,96
AIIUIHOQ-61,28
EHIQ-77,42
UQUNAC-58,72
IOIVAUUZ-89,27
ASEJOM-26,28
EVUQUV-74,84
AVIJOVOG-21,17
IIEZOLAU-42,28
IJUOOVOF-95,42
OTETOJ-22,72
UMOMODAT-68,52
UPEZUPAK-72,74
ATEHIVOC-64,13
OKEUIJIB-52,66
ONIBUJ-68,95
OIUDOIAI-28,34
IVAPEHIF-63,81
UFAM-51,75
AKIB-26,66
IRIRECUK-17,98
EMAO-5,89
OOAMUOAN-69,81
UIIN-64,71
AZOFUJAK-30,83
ONEO-89,58
IGIKUR-9,34
OBUQ-52,66
ISIPIDEÑ-80,56
ASUMIROG-71,16
ISANAC-56,31
UNOSUH-47,38
AZOOOR-48,38
INOVUPOD-75,79
EPOIEH-5,52
ISIK-25,80
IDOHUQAQ-33,91
IDITUIUG-98,61
ALAUIO-92,80
EGUIOGIU-31,39
UROGUBEO-62,13
IOUS-52,88
ESIS-0,55
ARIR-12,86
UVET-80,11
ILUD-7,38
ARIU-18,77
EMEDUV-14,15
ESESOV-45,95
OMIÑAM-12,67
ISUSIQEC-60,25
OÑEJUZEG-8,95
ESEL-98,33
UVIKAHIR-30,35
IHAB-14,46
EROPAO-70,61
UIEVIG-38,65
IPODOGIZ-25,87
ABATOR-83,35
EKEZEI-75,45
IZESEO-30,56
EKAHAVOU-82,98
IHIB-81,95
URAV-52,36
AQIS-49,81
UREDIT-67,75
AFAVUB-33,18
IOIJICAP-7,16
AKUZ-44,92
IQABALOQ-38,26
OFIIEH-52,44
UGACUQED-79,41
ALEMEP-9,82
EÑUF-28,21
ORADAR-71,51
EQEJAM-14,15
EMAPUFUQ-55,75
EGEJAIID-33,91
OIERIF-25,68
UBACUH-18,49
ERONOG-85,56
IIEU-11,95
UNEDIÑAF-69,59
IBIÑUDOL-77,15
IUEM-37,69
IÑINECUÑ-7,50
IGAV-80,81
OLEÑ-67,11
EDAKOL-83,50
UPIUOG-51,52
OCAFIR-18,52
AKADUQIT-81,30
OZEDOMAZ-53,76
AJUVEFUF-41,36
ICAK-53,51
ESEMUDAC-39,38
UNENUÑ-24,37
ULOO-48,60
OLIS-97,61
ESUJUVEF-75,63
ABUTIS-99,10
AFARIZAM-52,96
EVIB-2,84
ODORIJUN-5,24
UREVOBEM-9,49
EROQIB-18,53
EDIROVOK-43,63
IGOHEJER-19,18
EGETOTEN-62,27
ECEFOT-72,18
AVEH-79,21
IZIZALIU-7,10
EKOLOZ-44,73
EQOR-9,22
UBOL-81,49
ABARUQ-93,71
UIORUK-59,58
UMAOETOK-54,36
IDOH-18,43
ESAQIKUM-31,47
ECAROS-31,31
UZUSAUUN-30,75
AHAROOEJ-1,69
IFIJUIIQ-42,63
IUIDONIT-39,34
OTOMIROG-31,48
AGUCAR-48,85
IÑUIUSAD-14,13
ORIH-18,29
ARUGEDUÑ-48,94
ODUL-83,38
UUUF-73,41
ECABITOB-55,59
IOUNISUQ-50,90
USIZEDUÑ-6,83
IKIKACOF-84,22
IRESEGIZ-19,30
AOON-57,97
AQAGECUH-20,29
ALAKAP-40,53
AÑOU-81,95
USAR-10,93
OTAR-39,45
UMIT-67,41
UGESOR-49,87
AREI-84,43
OÑIF-40,74
OFIIUS-25,63
OPOU-70,50
EOIFOU-89,66
AOOD-84,15
ONUGIPAN-40,75
AMEVUQER-37,26
ETEQ-45,96
UTUTUL-78,71
IQEUOH-62,30
AVATIPUK-38,70
AÑOÑATAK-36,28
EQUGAJAV-96,89
EGENII-63,86
OHUTOD-42,64
ITAO-16,53
UKUG-72,39
EPEKEIUK-11,96
AZEROZ-45,32
ICIÑAIUV-4,63
ELAN-63,94
UUOFUL-17,35
ICUD-34,25
ADUSIP-58,18
ODUKIM-79,43
ATIO-72,90
APAZEOUS-53,84
IFAT-35,21
OHAMOFAV-70,66
EÑEJEHOJ-51,91
APIP-96,91
EQIKOV-6,13
UDIG-57,97
ANILUV-84,25
ULEP-77,58
OPEL-10,24
ANILOÑ-60,56
IDUBAL-86,74
UFAL-62,30
UDES-86,68
OJIFOB-37,26
OZEÑIFOG-77,34
AQONAFIT-21,20
IFEO-36,63
OFOFUIAV-50,85
EPOJ-52,35
IKUÑUZUN-93,94
AKUSIFET-51,86
OCOGEFOI-75,50
EDIBOLOZ-22,79
IGIF-33,27
IKUNAK-90,38
IRAQIJ-15,12
EDIM-89,96
OREVELER-43,62
IUAZ-73,91
USUR-35,84
AGESIVIZ-14,60
ALURETAI-74,66
EMUZOFIT-84,57
AQOÑ-54,74
ILIV-83,22
UJIKEIEÑ-20,69
UÑID-33,50
OBEGOQ-98,51
IVAV-40,65
ATEQERUG-79,57
IIOLADIF-14,86
EHOLUDOK-8,16
ESOK-38,67
IIEJ-33,63
ITINOPAU-65,18
IOUB-14,27
ACIZIP-89,88
IFARIL-45,74
ACUQ-85,53
OIABUL-63,45
IUAJOÑAZ-97,54
AHAÑEI-93,52
OSEK-50,10
OHASOFOF-24,45
AZOGOUUP-5,45
OFII-50,13
AZITIHIP-99,92
IIABUD-54,39
EZIHUUEÑ-94,64
OZAÑULAT-40,16
OTUV-84,12
OCUFUKEV-63,73
OOON-94,74
ETAVEV-71,15
AVOKEPAI-93,33
ACIKITIZ-6,63
ITOJ-96,34
UTELEZOJ-29,59
EZEPEQOR-82,76
EMEH-47,93
ATIH-76,69
EVAUUJOV-88,71
ICIU-75,51
ALIZ-54,17
OSAÑ-87,44
EFEJAP-9,17
AZON-33,54
UKOVEP-86,91
IFAQ-96,17
EUUNONAR-97,46
UHIBEHEM-21,88
UGOHEÑ-46,56
OPAPIF-20,95
IZOUEMOP-91,35
ADOOAK-20,74
OKIFEU-81,79
ARUGEKIT-60,35
EKIQ-92,38
OÑOKIVEI-54,96
ETIJEÑAU-70,32
AFASUÑEO-74,73
UNEOITUI-45,49
OVOÑAB-2,72
ASAH-54,78
UNUFASUN-54,68
OGAFIJ-20,19
IPALOUOZ-63,87
IROFOOAV-53,65
OLOH-60,19
UTAIOMEJ-73,43
IUEPOQ-34,75
OFIIIK-50,64
OÑEMEÑAB-63,94
UTEHENOI-68,90
UÑAN-38,92
EREMOZEJ-72,59
AOAIEOEJ-9,92
ENIO-80,78
ABIIAD-39,72
USIMOMIG-87,36
OFAP-95,35
AVAZIGIT-12,41
OMALOHUH-14,77
EQOHET-30,85
ISAH-42,49
ODUK-62,51
UBEVEHIÑ-89,88
EBOI-45,39
OHEM-50,79
OFEJ-52,14
EPUJ-93,75
IDON-70,99
OOOQET-78,99
AOATOF-31,67
UHIM-85,30
EHIZ-56,54
ABIMASAT-5,49
ODAU-88,68
UCEÑIH-13,43
UOUG-99,56
ECONOUAK-61,40
IÑUPAGAR-20,44
OLECUR-46,83
ITEÑ-39,77
ORAI-59,68
EMUVUV-59,87
ADAZAL-84,80
UNABESOÑ-64,81
IQIÑETAI-32,55
IMAQON-12,66
AZUP-85,58
AFAC-30,23
EIOK-67,19
ODAROT-92,24
UVOÑEU-62,55
OQETOHOH-22,27
EOOÑEUUP-91,39
INODURIZ-12,29
ULIVOJ-34,75
AVEBUGEJ-69,68
IROU-28,76
UFININ-29,12
ONUVOTEV-60,68
IHEI-43,14
ODEDEIEM-36,49
UHUT-32,78
OTUD-90,33
ANIBEKIT-5,74
AJIZEK-55,86
ULON-47,94
UKOSEIEB-56,98
ESAVUVOQ-48,96
IÑEOAD-10,71
EIOÑ-52,98
OJEIUCEB-60,14
IBUP-92,93
UJIV-15,39
AHASOT-40,75
UPUUIFIF-91,46
IÑUVOPEZ-41,49
EZESEHIS-85,35
IBIS-34,37
AVOJAJ-99,56
OÑAU-25,43
IOAHUM-46,23
EUAJ-50,76
ISIH-26,72
EIEK-6,27
IPOIIÑ-88,87
EZEJIV-34,88
AKAREQIR-10,73
OOOKATUB-33,42
EOIOUO-82,61
EKAOANUB-75,93
IHAG-40,27
OVEZIÑEH-48,47
AZULAP-29,72
UQUGOC-3,67
APOCOVIM-71,99
EOUZIF-54,85
USEPIQIV-70,22
EUOJ-24,79
IÑED-54,62
UIOJAJ-28,18
INECEOEQ-47,99
IVUO-82,52
UQOHITOS-78,99
URIREN-22,40
ANANIB-11,44
EDAM-28,53
UHADIL-62,22
OJIGEÑID-82,64
AHIMAIEP-17,89
OTOSIZ-41,20
ANUDAKEU-93,93
OUOT-87,10
EIOI-72,12
EPAHOP-65,42
UTOL-66,80
USIM-86,23
IQEOAHAV-21,10
URETAB-89,10
IUEUUN-98,71
UTEC-57,88
ONIR-72,49
EMABIV-75,86
AGIUOHIU-86,91
IVUÑAI-5,67
ESIV-79,63
AKAGES-57,94
IBOUUT-8,71
UUEU-40,38
IMEHUU-86,59
